id,price1
2242,431.0
20532,284.0
10648,499.0
20677,1195.285
12593,405.095
11159,461.25800000000015
10680,399.0
6433,2566.3529411764607
2794,249.0
11579,626.0808333333333
13859,251.0
12260,474.0
18254,379.0
19453,475.0
8121,964.155
9791,499.0
7402,2007.0
3205,292.0
14489,483.0
10607,544.0
3659,672.0
7625,297.0
12862,1879.0
13985,449.0
10206,499.0
6889,1512.0
17791,398.0
8920,2172.742500000001
15762,449.0
9762,341.0
15247,995.4750000000001
14490,216.0
3545,339.795
4122,499.0
9075,379.5
17580,575.3466666666667
15546,449.0
16679,275.5
7800,426.0
10314,249.0
20247,664.0
10068,1379.0
971,456.04375
3832,411.675
6052,1830.3883333333333
12718,3388.575
11469,498.0
10655,474.0
5933,419.407
7000,502.4475
18084,672.0
20918,3499.0
16193,994.0
6116,2504.0
7581,368.70583333333343
2214,399.0
19489,548.2833333333333
2592,949.0
14541,949.0
5584,549.0
20002,487.5
341,2496.4975
10363,472.655
12292,199.0
19769,399.0
4521,159.0
8402,357.0620833333333
8485,837.445
7561,469.0
9885,206.0
2582,475.67
8209,344.0
13611,549.0
13591,380.0
9676,575.0
13851,598.115
16691,474.0
17785,665.67
18685,369.0
3369,750.0
16066,607.685
3003,525.0
18981,199.0
13554,549.0
11588,429.0
16379,2173.025
12575,469.0
9249,251.0
15449,332.325
20597,399.0
12342,1221.1607142857142
9065,539.7895833333333
17968,396.66666666666674
17803,697.655
13495,475.08
11078,1946.0
19475,595.865
19860,395.0
805,545.8022916666666
1,752.65375
13151,474.055
4133,539.0
446,702.5375980392157
18830,949.0
7909,299.0
13969,1299.0
6901,2140.3816176470586
3961,3372.975
10150,1497.0
4490,399.0
5897,268.0
20844,469.315
19011,717.58
18577,403.4
3555,948.0
15716,455.5
20324,499.0
18654,2797.0
8184,284.0
4349,305.495
13737,389.0
10749,749.0
19921,426.0
15467,480.25
10725,574.015
18354,449.0
153,585.09
8961,899.0
501,525.775
18332,349.5766666666667
4068,645.0
13206,449.0
15926,399.0
20705,349.0
15433,297.125
16477,399.0
15608,399.0
4957,243.135
9095,421.0
12618,474.0
17259,265.0
6906,377.6666666666665
20713,240.52916666666667
15305,840.0
5370,459.0
20079,759.0
5574,406.0075
8049,279.045
3493,3499.0
7390,599.0
12996,379.0
150,376.48125
7941,440.7491666666667
16993,333.00333333333333
18502,490.18
1046,272.515
17121,378.0255833333333
15629,568.0
18932,790.0
8131,414.5
6926,399.0
11131,554.676
10941,317.0
12030,309.6666666666658
17959,672.0
14464,588.4275
18288,304.0
17404,1049.0
930,2607.795
10001,711.0
7044,2773.3
17375,289.0
13231,279.0
3147,1299.0
4856,398.31
14757,555.965
14918,474.0
10947,183.0
17853,380.64916666666664
6359,999.0
14331,490.425
6111,455.0
20276,1899.275
10660,1878.945
4222,297.125
20592,560.64
1023,1800.0
14844,512.1999999999982
11145,854.0
12578,719.5
8668,236.0
18474,429.0
9807,391.4
15911,1326.0
3721,999.0
19353,949.0
17362,313.41
11120,983.3999999999965
18867,493.435
17178,398.37
6879,552.0
4802,515.19
15451,290.0
15857,493.66666666666765
3179,854.0
7258,349.0
6247,524.0
14378,399.0
9308,1045.42
8879,522.0
9484,474.0
7676,897.5714285714284
14419,561.8133333333334
19097,199.0
168,1655.3
4427,304.317
12771,472.0
17299,394.0
5118,298.0
12040,506.69230769230853
13747,586.1684848484848
18751,398.0
5227,473.745
12100,569.0
17604,364.5514285714286
1218,486.7866666666667
18775,260.7450000000002
10853,321.11
3168,238.0
14636,216.0
7927,219.0
17035,425.0
8762,248.0
2152,554.644
17152,280.0
9824,336.0666666666667
8142,2762.035
15932,599.0
1141,349.0
17330,4197.0
19889,421.455
4915,474.0
693,455.94733333333335
14449,649.0
1975,470.0
4055,474.0
13336,756.0
15678,574.51
8491,496.615625
15115,440.62
14146,521.0
19296,511.8368333333333
13281,390.66583333333335
20363,399.0
13879,180.0
7859,212.3333333333335
18819,399.23166666666674
3538,698.0
13185,353.7545833333333
10595,399.0
857,559.96
7654,451.9875
12429,487.6325
18200,475.19
9710,449.0
12240,600.035
2939,323.0
120,412.405
11548,1315.285
5261,996.0
5598,499.0
7679,477.0
1820,499.0
3259,632.2361666666667
623,410.03
10503,499.0
9267,588.135
16624,1458.9625
20850,718.85
9821,412.5
4693,399.0
14824,599.0
14096,672.0
6149,299.48
6373,599.0
12989,693.0
5547,434.9683333333333
5420,1574.0
2058,1049.0
20958,474.0
13945,999.0
6245,379.0
15624,395.0
13317,347.57
1802,399.0
18216,330.0
17276,378.0
10247,680.0
9532,1063.645
1568,399.0
13427,499.0
12689,331.87
9955,994.0
8860,426.0
9425,425.425
19772,949.0
5233,1333.0
12556,569.0
11977,292.3333333333341
17523,924.0
4760,1499.0
17714,225.0
12022,344.0779166666666
9905,2631.6683333333335
205,455.3116666666667
11438,219.0
13352,780.0
17203,429.0
650,593.0227777777778
11186,3899.0
6485,499.0
17370,2458.0
19084,379.0
6484,632.43575
5341,388.723
8138,486.33
8708,404.0
6397,445.0
12836,399.0
12251,360.0
17860,191.33333333333326
2181,481.775
19757,989.0
143,402.6448333333334
13111,440.6566666666667
7723,770.0
13060,401.10431818181826
7508,499.0
12366,289.0
10779,422.405
11653,364.5
13751,494.14416666666665
15564,499.0
11454,359.255
10572,569.0
5140,499.0
1523,180.0
20160,1299.0
9103,335.0825
14595,2436.0
9727,664.0
7265,339.0
15253,505.235
15590,1058.025
9682,361.67
15271,426.30400000000003
18032,424.9090909090894
14029,449.0
8552,664.0
15074,474.0
11288,399.0
20607,1748.56
1184,399.0
1651,326.61083333333335
7177,348.515
1834,241.8179444444444
17391,1973.525
9564,439.665
17589,448.38833333333326
2022,615.925
1552,549.0
7158,790.0
7311,240.125
20026,281.975
16405,1977.0
17235,448.745
15558,597.805
8468,605.3491666666666
7424,511.41583333333335
7307,2247.6775
18602,1059.069761904762
7421,228.59
2801,319.0
6154,199.0
3296,351.0
8568,910.78
9285,307.8958333333333
16978,436.0
17817,1759.8475
7127,875.295
6890,249.0
3057,504.16
10994,749.0
10840,749.0
14037,979.12
9685,486.745
14404,319.0
9165,199.0
6006,199.0
5819,328.73
8709,474.0
18154,474.0
808,442.575
9059,685.0
15285,835.0
2081,2333.171666666667
17823,524.0
15500,1047.0
1068,499.0
9008,723.375
4204,211.13
6919,2185.25
12720,569.0
15904,534.2675
5606,336.33333333333417
8893,530.425
12084,237.0
7485,499.0
11935,849.0
17576,329.0
10746,629.2015833333334
426,548.6263333333333
364,2174.215
12415,217.0
5546,379.0
12801,580.48
4203,1559.0
12857,322.46875
3163,199.0
20485,1938.675
10786,259.5555555555549
20165,499.0
8038,335.145
7474,304.9425
16133,1935.0
12048,549.0
911,328.10666666666674
14767,409.04449999999997
19044,448.125
12538,499.0
11676,572.5
154,364.34
4829,1907.0
2485,629.3858333333334
15721,284.0
16235,976.79
8337,949.0
15320,524.0
6963,373.51577272727286
5470,413.22041666666667
1262,413.645
4487,585.0
4409,439.0
4027,1324.025
2,279.925
17707,625.21
10810,469.5058333333334
381,539.5695
3743,549.0
6388,499.0
13531,499.0
9761,749.0
11540,379.0
10024,299.0
19053,426.0
20654,424.9090909090894
17347,224.0
7237,340.5
18971,398.0
17000,395.0
19585,442.695
14974,690.375
13045,331.84
11866,2120.265
16764,215.0
8099,402.0
10714,1047.0
7537,292.0
1828,549.0
8170,543.3635897435897
7499,358.0
18825,524.0
13661,179.0
9501,449.0
1706,599.0
2739,399.0
17997,442.0
487,399.195
7782,361.0
2373,971.0
17478,428.8908333333334
615,652.0458333333332
3741,394.35949999999997
14957,679.0
430,470.6685
2007,317.42
17652,474.0
18160,539.0
8735,374.5
18121,1047.0
4125,2855.1925
6897,290.0
16646,389.0
13731,598.49
4524,541.7466666666663
14108,1333.0
17782,391.7
7382,587.3475000000001
11839,499.0
15281,243.0
14840,967.6666666666648
17682,373.75
9898,608.5
18766,599.0
13555,643.51
3798,223.5
9207,449.0
10862,425.0
10624,319.0
10905,298.0
19255,549.0
18233,422.8000000000016
4872,549.0
9626,399.0
13113,518.9033333333333
18793,242.0
15019,399.30833333333334
7970,299.0
6346,1251.145
3287,596.645
9179,479.0
5523,765.0
3676,505.09
5772,382.725
18087,544.5954166666667
8476,437.6333333333334
3375,360.0
14759,499.0
13247,499.0
20691,239.0
17700,386.81
4998,449.0
8528,360.0
2700,379.0
14012,564.5360000000001
7375,398.0
12102,559.6016666666667
7804,292.515
13608,640.0
11052,433.795
13933,474.0
9043,380.0
14417,297.125
13488,599.0
13607,849.0
950,1718.74
20644,990.0
6002,2300.0
18246,1013.9675
10561,268.873
7439,199.0
20636,416.0
11782,592.8571428571441
8554,1649.0
6651,397.66666666666674
11948,434.0
17885,299.0
20649,2251.0
20433,260.7675
14405,497.0
1959,570.0
17026,2492.0
10442,299.0
12912,450.65
18348,455.0
17934,2749.0
8428,449.0
6200,699.0
10687,499.434
16547,1449.0
5778,296.70125
18683,2566.3529411764607
19052,1178.0
18688,569.0
18266,734.97
4292,1048.0
719,630.989
18846,2666.8875
12644,599.0
17614,499.0
20756,592.41
1408,289.0
19075,284.0
11681,658.3080833333335
10488,450.0
17223,610.9025
10992,299.0
19379,1749.0
10896,386.316
18871,199.0
2815,377.7733333333333
18307,292.5
19536,346.0
12667,4189.0
16623,526.345
1628,475.0
17431,663.9075
7934,561.4366071428572
12817,269.58
5156,249.0
6588,475.08
14847,646.7416666666667
1775,398.5
19167,664.0
2929,384.48974999999996
9609,403.68208333333337
16711,1672.3
20594,560.0
8202,1795.0
4507,373.63916666666665
1944,508.8
18003,615.3333333333317
14287,3138.0
2224,387.19999999999857
6178,408.205
6267,1063.456111111111
10508,299.0
8089,455.19833333333327
3450,549.0
14507,547.6875
18783,306.8166666666667
15726,986.4625
20260,449.37
10638,499.0
10414,390.0
19375,465.605
1902,882.625
13834,649.0
11807,2566.3529411764607
741,536.534
10497,450.0
12241,1998.57
4714,499.0
8258,1850.0
13588,1264.0
17446,400.65
732,730.755
3326,2587.0
12012,219.0
5688,569.0
13342,369.0
6583,569.0
4774,989.84
6026,305.875
7111,584.0319999999998
15353,313.5
18425,700.0
2368,299.0
10979,289.45
7717,349.0
1576,346.45833333333326
7154,700.3
15871,585.0
18659,299.0
3162,465.0
5694,492.335
11042,351.865
7370,251.0
5218,488.5991666666667
7190,790.0
9020,1858.0
19313,399.0
5550,500.0
4359,569.0
17103,629.0
4795,1954.68
8197,316.2466666666676
2953,317.80000000000115
10716,2000.6
3746,637.4
14973,573.71
20578,829.64
1564,1741.575
5424,1035.0
12116,449.0
20085,374.55416666666673
3762,363.95
2406,228.0
19657,360.0
7855,324.9375
16586,655.0
9799,422.0
11444,312.0
11800,616.0
3107,1162.08
20285,1212.8708333333334
9080,704.0
6635,683.855
17395,393.6483333333333
12184,778.24875
17100,395.0
16148,993.975
7903,499.0
12608,798.0
666,534.235
18100,449.0
14717,354.695
13324,365.1999999999986
14189,270.0
3461,2098.956666666667
19775,1984.8225
4075,387.63
19111,499.0
7551,258.5
20848,358.258
9140,719.0
6740,486.2558333333334
15578,373.255
14791,564.0
16497,576.3018181818181
13686,807.865
20762,574.02
2364,221.4
12545,356.5
10225,579.0
13221,249.115
14812,264.0
16530,270.0
315,351.50583333333327
6953,649.0
4723,590.0
17802,836.6000000000031
11484,4042.64
1874,299.0
4649,328.0
18207,498.7333333333333
4386,238.0
6434,446.0
3069,336.19
15930,599.0
14733,392.545
3883,399.0
9445,448.0
2352,499.0
9247,353.07
15399,249.0
18039,571.0
15398,699.28
15033,275.0
4934,489.1890624999999
3224,547.8666666666667
18343,2220.4009313725487
10785,631.6032142857143
12486,2599.0
17587,498.3
11340,399.0
9742,308.5
5505,363.0
20423,271.38200000000006
15009,423.925
8734,369.0
2263,430.09
136,400.5973333333334
12916,658.0575
3873,508.605
11464,451.0
4512,756.0
6069,578.625
18268,358.96916666666664
14624,570.7954166666666
10060,379.0
17500,330.0
1898,196.0
448,279.14
18279,307.0
11814,346.5000000000002
5878,309.61
20559,399.0
95,573.9418333333333
11020,571.1991666666668
20380,520.0727380952383
3868,1795.035
8365,696.75
17476,313.07
11208,299.0
3037,188.52
8940,399.0
2491,359.0
2404,584.0
20204,556.5
11037,1549.0
3814,2328.0825000000004
6838,2136.0
4456,285.0
4646,299.0
15179,1531.82
18208,329.5316666666667
10478,499.0
17102,2054.0
20097,649.0
18990,779.0
18569,990.0
11445,383.97
20948,406.97333333333336
16346,599.0
12943,419.0
18835,470.64125
1589,477.91
13127,419.0
11731,359.0
937,1618.86
7788,2849.0
8664,141.0
8067,377.6666666666665
1779,821.625
9520,499.0
6943,398.0
13212,475.0
8456,2446.625
14297,198.94
9677,474.0
19908,3667.3
11764,681.2055
13543,459.0
15722,599.0
1989,339.0
11105,445.0
13906,379.0
20739,315.395
8778,539.0
6720,581.5766666666666
15000,401.55916666666656
2021,1853.0625
14950,2069.47
16974,278.65179487179483
9174,599.0
10376,493.22
16875,294.0
20791,569.0
1495,873.0
14807,476.3473333333334
17196,494.66666666666765
3126,267.25
224,289.91333333333336
4431,445.4316666666666
17635,210.0
10562,399.0
18993,1483.775
16661,404.0
8248,498.0
13296,410.98
14649,1539.0
5229,1649.0
870,514.8904545454546
8417,499.0
18408,534.545
10985,399.0
14380,1906.385
1533,549.0
17366,3849.0
4062,803.65
11915,506.69230769230853
12151,499.0
10307,462.79375
15813,463.0
2557,443.455
10761,1212.09
11718,299.0
16459,229.73333333333332
15032,988.0
5471,505.09
19998,1665.0
18633,245.66875
16221,299.0
9290,501.7
10743,399.0
5266,2716.5283333333336
14926,399.0
13230,421.5574166666666
15913,191.33333333333326
9147,461.0175
9818,641.9091666666667
14995,2086.78
6422,197.0
15945,2828.25
17358,411.225
6020,461.7075
9120,598.51
13362,1936.0
7543,634.2484615384616
13076,4822.666666666653
10332,463.0
1861,294.21333333333337
14118,299.0
12920,449.0
17466,269.0
13515,329.0
8717,1299.0
20453,299.0
3021,273.20166666666665
16358,416.91583333333335
601,511.8090833333333
5659,499.0
3214,502.1120833333334
14901,320.085
5559,470.8266666666667
4572,444.0
2866,296.70125
16079,836.6000000000031
4661,444.0
5125,279.045
2762,395.0
6515,432.027
12736,399.0
10483,420.81
15443,395.0
13449,488.0
2577,573.75
18251,296.095
5512,1936.495
18184,497.0
17022,349.0
7408,2639.765
11195,309.0
7798,499.0
14413,723.0
18543,666.53
8973,719.055
14726,368.175
13668,498.0
15631,336.80000000000126
1417,2399.0
14360,397.0
15657,470.9033333333333
11428,1100.0
12915,555.0
10781,394.0
16938,438.8525
14497,2999.0
10410,671.8041666666667
8210,199.0
16391,425.0
10635,255.0
11984,854.0
11768,796.1428571428582
10128,800.0
5248,382.18433333333337
17386,506.59119047619055
9322,1036.835
4372,255.0
1203,429.0
17749,280.0
14161,299.0
1584,503.6085833333334
5954,599.0
12217,350.8208333333334
3531,379.0
16022,1649.0
9920,559.4344166666666
7151,992.75
15096,203.0
10731,452.53833333333336
1671,254.0
7975,537.3296666666666
3374,315.0
20089,2086.78
15046,313.165
8375,2032.91
18434,875.2
12944,1595.0
18201,474.0
14654,598.49
8846,275.0
19426,499.0
3002,639.7719999999999
16898,333.0
12381,555.0
5403,345.93416666666667
10636,442.96529761904765
17657,499.0
5906,917.82
20124,399.0
5467,404.975
15521,331.0
69,510.8795833333333
20890,2999.0
10868,425.8775
583,526.5493333333334
10035,530.6666666666655
11101,569.0
428,473.24125
5356,180.0
3399,348.0
4782,427.515
17495,295.5
10586,351.66
10653,428.0
16097,774.0
16841,489.0
4995,874.505
642,332.78625
4535,309.0
19798,321.64
13801,996.73
17177,212.0
10682,731.0
20807,199.0
9953,253.72333333333336
6830,530.0575
6626,299.0
14393,370.0
11830,2797.0
8703,359.0
1541,432.3525
15169,369.0
9246,521.0
11356,465.6666666666674
17931,645.1416666666665
4071,391.7777777777795
15967,816.8128571428571
14434,2998.0
18395,672.0
12054,199.0
7978,699.0
3998,405.61666666666673
844,491.6025
9917,265.0
789,1444.5633333333335
4380,410.0
17154,990.0
12305,674.935
10217,498.0
15029,495.845
18588,401.1116666666666
15108,599.0
4398,733.49
20298,274.16
8637,692.275
7803,399.0
2234,393.715
18852,720.0
4917,499.0
17300,292.0
6672,380.0
4035,520.385
906,1179.25
10733,387.0
18020,698.9575
9656,821.0
16982,304.33333333333417
16418,448.225
7305,570.7954166666666
14375,865.2433333333331
19926,1786.5
1192,489.0
4373,331.04166666666674
20095,499.0
17288,1249.0
19227,373.5625
12811,318.3666666666666
11345,588.0
8577,500.2766666666668
13321,1649.0
9861,279.0
738,594.7625
11672,1499.0
19516,616.0
12511,506.3833333333334
7145,389.0
17837,361.13
17209,989.0
1657,243.0
3384,356.46
11526,992.75
16394,499.0
18417,308.5
20418,1067.0
5176,1269.405
555,538.8025
10989,315.7950000000001
14880,477.8016666666666
1800,1243.44
17094,1994.0
5013,672.0
9176,569.0
16519,1349.0
12873,449.0
9013,2298.0
13103,229.0
6344,449.0
20034,719.0
5940,335.0
19000,2839.0
17586,537.555
8862,321.5
1050,599.0
8823,245.0
15413,375.2383333333333
3096,276.66666666666595
9433,2621.6175
12871,599.0
12540,588.0
2963,634.91
11967,389.0
4236,318.59
17353,340.235
5905,258.50375
13596,449.0
394,1474.445
16802,322.75625
10281,649.0
8413,437.94833333333327
8791,417.28166666666664
6727,496.0
20572,1560.88
18357,749.0
509,331.6325
7945,393.0
4242,289.0
13666,531.9
10176,360.0
922,495.545
20814,1374.0
20273,1311.6208333333332
17133,425.8315
15485,896.665
8300,1329.0
4796,351.27
807,1666.7133333333334
14138,1499.0
14198,208.665
11049,341.0
12603,398.0
20417,398.0
9312,348.0
5492,714.62
6511,388.0
8071,2805.0
16034,1400.0
13357,306.0670833333333
7088,521.0
7694,415.00166666666667
1986,564.0
17129,403.11833333333334
8119,536.5279166666667
17122,527.0
11802,363.0
3059,501.0
13192,379.0
7120,369.7547777777778
10165,477.65083333333337
6401,288.83583333333337
4969,689.0
329,409.85666666666657
6273,1619.0
20767,284.0
3090,518.7141666666668
14579,272.0
18980,299.0
12323,240.0
18810,340.0
17398,404.84375
5834,399.0
16580,599.0
13150,756.0
17130,409.0
343,427.9733333333333
15363,1858.0
31,453.0233333333333
10693,299.0
16963,398.0
15850,1416.655
10133,449.0
6309,677.47375
8527,299.0
19152,462.2716666666667
17648,455.19583333333327
10526,699.0
20386,1860.9525
10110,325.0
17442,328.455
20870,614.314
11243,279.0
4366,569.0
10037,2839.0
1388,275.0
5963,310.8675
7414,307.3636363636378
6308,545.105
16837,729.25
19290,799.0
3582,181.0
2556,284.4408333333334
13510,882.0
5893,1375.795
13487,298.0
15973,327.0
6692,499.0
13844,299.0
15616,355.0
12198,424.47
6159,488.29716666666667
19871,457.015
2725,487.6016666666667
16158,637.695
470,1562.385294117647
2702,399.0
15632,399.30833333333334
12542,834.65875
10437,387.0
4611,492.05
16822,417.60748484848506
19294,229.0
11324,330.0
6970,699.0
10175,260.0
14822,501.6833333333333
1833,2316.08
9640,485.4
9476,298.0
2194,359.255
5673,482.18833333333345
17385,599.0
641,2193.8691666666664
9098,379.0
13575,449.0
20579,553.5754166666667
6887,399.0
18403,359.2
17460,474.0
12092,2199.0
7170,242.0
13416,499.0
14954,179.515
316,775.702
5764,379.75816666666674
10121,382.725
14026,400.045
6659,398.0
3665,499.0
13956,379.0
20288,199.0
674,462.04
20179,277.7225
13764,398.0
19311,449.0
10319,262.62375
9049,499.0
2061,294.305
20293,249.0
8646,298.0
11538,695.6095
2809,443.68833333333333
8722,449.0
17445,399.0
10457,501.32
921,511.16
20788,1060.4475
6698,1500.0
14538,419.0
20712,199.0
12747,299.0
535,1515.5875
15592,419.0
2878,495.0
15334,699.0
6360,851.4708333333333
6942,427.0
5301,585.91
5848,499.0
4721,1018.0
1610,249.0
1015,1047.0
11581,298.705
20931,303.5
13558,399.495
2329,350.03666666666663
5917,511.02833333333336
5877,1107.8508333333334
19994,564.0
13527,540.24
17744,424.0
12659,488.0
13916,555.0
7539,2110.0
13249,600.5158333333334
12711,194.75
1755,539.0
11128,655.6000000000023
12205,298.0
8705,249.0
2232,425.0
18611,399.0
17789,462.0
2494,399.0
5151,254.0
14246,1553.645
12316,650.9110714285714
2347,735.0
8964,594.0
16951,215.0
6391,486.33
1359,475.0
19461,393.9925
13326,974.0
12248,335.0
14094,299.0
3151,1387.7452380952382
11402,462.7951666666668
20093,437.315
18520,994.6984615384615
14642,2204.255
4462,547.3149166666667
4143,353.0
20601,740.0
1531,364.368125
16052,569.0
20359,599.0
7880,307.0
10554,219.0
19335,189.0
6225,670.663
13233,205.40000000000077
7790,424.0
13070,422.0
13865,483.96357142857147
12704,399.0
9487,499.0
13049,1935.0
7415,499.0
17230,389.0
14134,499.0
6522,444.0
7171,385.63833333333326
16012,599.0
6163,557.286
14193,684.575
8238,635.565
17513,598.0
4468,537.535
20810,323.665
14407,511.5
18848,1549.0
18010,491.0
17017,570.0
10423,485.63583333333327
17901,735.0
8046,429.635
10436,399.0
12247,415.0
5658,699.0
18698,199.0
18171,383.0
18433,379.0
12237,765.0
17101,474.0
10309,353.195
12283,675.84
14077,1511.545
4958,399.0
3207,300.045
4289,190.36
17571,948.0
4783,835.0
859,688.2693452380953
17578,2749.925
3176,316.0
2889,1374.0
231,421.97166666666664
449,2157.7541666666666
7937,199.0
6197,474.0
15612,290.1
181,582.4243333333334
18562,888.6818181818213
3243,1047.0
14858,251.0
5267,418.8333333333331
5892,148.0
16868,399.19
12888,239.9967948717949
1189,1047.0
1854,598.0741666666668
6039,472.78166666666664
3647,575.8233333333334
3729,298.0
17340,699.0
5258,499.0
5648,424.0
16339,284.0
10728,1298.65
990,683.414
5894,789.6283333333334
11311,199.0
3572,403.824
18586,531.9
1979,854.0
2796,298.0
17787,441.055
11983,394.9325
14355,1619.0
1724,569.0
18601,888.6818181818213
17813,320.52916666666664
8867,454.4538333333335
617,352.67900000000003
13701,499.0
7604,749.0
18555,521.0
11804,380.0
16121,2195.0
16007,1499.0
7920,294.0
13730,426.0
19654,817.7508333333333
14797,399.0
15719,491.0
19944,319.0
4882,2075.1075
15333,499.0
10199,607.6333333333333
16636,524.0
20938,404.0
15396,354.725
16217,449.0
19827,2169.0
1749,599.0
16980,199.0
15838,295.0
12449,399.0
19260,498.0
13755,459.41769230769233
14593,227.66666666666632
6870,251.0
19738,329.0
5394,569.0
3544,461.1566666666666
8795,569.0
16954,474.0
5232,360.0
14513,1928.17
5209,506.195
11779,494.32
1265,910.78
12759,299.0
4880,624.145
17124,430.845
20270,259.0
2435,2055.7025
363,419.88133333333286
18298,2410.8841666666667
18924,406.35949999999997
14274,549.0
20771,549.0
1481,280.0
12917,255.0
4389,284.0
17283,499.0
5305,2436.0
5217,488.7202380952381
20779,522.96
9618,598.0
10588,454.0
2056,450.0
1090,471.0
13982,406.30583333333334
13831,299.0
17844,934.245
4791,449.0
10515,299.0
8072,449.0
12568,499.0
12566,404.0
4873,416.0
19331,664.0
6548,4199.0
6045,1873.9
8647,496.0
2639,341.8441666666667
11180,398.0
18589,1574.0
17294,343.98833333333334
15972,924.985
352,466.7766666666668
8830,289.0
8874,221.52
1437,1048.0
11810,299.0
10661,419.5225
6113,448.0
15446,501.66333333333336
4263,474.0
16570,264.0
4231,467.0
6281,379.0
16250,249.0
5365,449.0
54,430.65
12749,425.0
586,502.9907142857144
6315,584.0
10280,463.0
12388,616.0
638,449.955
3482,349.0
3252,299.0
6718,265.33
12353,434.9025
2116,567.56
7219,499.0
12639,248.75
18642,1533.0
10841,756.0
13081,621.3333333333316
13302,289.775
16466,409.0
9580,699.0
8437,399.0
6131,608.18
2714,1810.0
4551,399.6625
8185,1869.5958333333335
5101,421.0
15070,1057.333333333336
5092,599.0
145,424.04
7029,492.2675
582,510.27875
8713,399.0
12809,199.0
13886,441.75
20385,444.74
11432,497.0
14455,475.0
14651,375.04
10529,220.0
9090,148.0
4748,626.9675
11749,520.0
5020,329.0
20024,568.9941666666667
18722,373.255
4241,449.0
28,865.7
6554,549.0
3806,398.0
4215,191.33333333333326
6366,599.0
13333,426.0
14925,405.61583333333334
16549,433.795
14293,149.0
13830,408.205
17328,313.185
3240,472.3808333333334
5418,441.75
2732,2035.4275
18677,360.84333333333336
3853,322.3333333333343
12993,403.494
9883,439.645
7837,412.1933333333332
10209,2075.1075
14523,397.7175
954,427.3545833333334
7529,329.0
17651,399.0
19572,455.62966666666665
11354,997.73
9743,417.60633333333334
987,322.945
20551,2123.855
16348,338.5633333333333
11079,607.24
11025,732.67
12062,518.25
13123,849.0
14494,749.0
3830,487.61
5653,433.57
20027,571.0
10559,398.0
14838,3143.9325
2297,396.87333333333333
16677,2343.9383333333335
14425,220.0
12232,415.3125
9369,340.62875
5993,255.0
4322,527.3983333333333
8553,1749.0
20144,313.5
17176,833.865
16897,317.80000000000115
19312,257.5500000000006
12393,686.9475
704,541.36125
15569,499.0
16157,677.8175
3990,447.0
12239,3176.575
20480,801.29
16495,387.19999999999857
15855,569.0
11959,699.0
7349,321.5
4840,434.0
3412,524.1475
4582,549.0
19425,698.2933333333334
6555,571.0
9739,291.595
18236,332.13333333333327
17082,474.0
768,551.27175
2331,399.25
19512,997.8
9613,636.8185000000001
17510,646.655
11738,525.0
6503,380.0
10692,3665.666666666661
777,468.42944444444447
10600,318.2266666666667
9171,474.0
14484,677.7983333333334
4169,782.0
11319,377.61666666666673
912,660.9475476190477
6641,836.6000000000031
5737,613.335
10296,698.5
15950,419.81099999999975
16582,500.885
8135,329.0
5712,349.0
12982,424.0
5486,2749.0
11784,2060.568333333333
12671,602.0
5159,439.8405
9347,456.065
843,2058.7300000000005
12480,558.345
5368,432.805
11624,1384.5202380952383
73,728.0254166666667
12202,249.115
17417,546.0
16194,2766.0
7232,449.0
12882,389.93
10689,199.0
15160,423.5
9823,398.0
568,578.3241666666668
16630,398.0
18618,635.565
3933,506.69230769230853
9951,452.53833333333336
10003,1049.0
2515,2399.0
645,436.9045833333333
10262,399.0
10599,435.275
13808,257.215
528,355.70333333333326
6680,319.0
17991,1604.0
17568,499.0
16145,580.2325
16825,327.0
18143,445.175
14966,849.0
19746,2110.0
15344,278.0
3568,465.41
11008,625.6666666666684
19528,395.0
4152,555.0
14873,341.2048611111111
9450,349.0
15982,971.0
10966,482.255
9340,475.0
19113,323.665
1019,639.0
15133,2122.62
8689,450.0
5166,414.75
9669,223.90666666666664
15994,462.79375
17890,1072.789
13052,379.0
8148,197.0
679,649.56
20511,799.0
5419,474.0
19783,2025.0
8977,859.0
5242,453.90071428571434
11958,199.0
7015,315.0
9453,149.0
13381,558.032619047619
17541,251.0
1422,2845.73
227,483.38316666666657
16880,428.0
1723,565.6298333333333
2587,399.0
19509,382.3333333333335
3217,148.0
3089,456.855
822,646.19
8458,379.0
17410,249.0
12441,301.38
7407,1452.6666666666652
6239,2289.39
17936,325.0
6407,591.565
20675,435.0
13267,308.5
16660,401.085
17257,482.54
14568,391.63166666666666
232,460.4311904761905
4252,249.0
2947,592.8571428571441
3920,499.0
12913,400.03033333333326
5291,453.395
7759,1253.0
5243,426.0
8772,1027.615
2025,469.0
10767,3285.695
9155,199.0
8186,248.75
4017,379.0
3180,3036.523333333333
3753,865.0
16063,452.5
17192,449.0
3927,401.55916666666656
11201,408.98
1438,888.6818181818213
11419,477.19166666666666
14572,718.8816666666667
12936,2977.0
15303,448.0
18243,517.2966666666667
6400,457.81483333333335
19602,365.0
6556,1600.77
15447,634.0
19707,386.13166666666666
19276,345.63500000000016
15342,326.45666666666665
15953,462.8175
18033,499.0
20025,1861.425
16699,1049.0
4039,379.0
18042,299.0
17591,645.1416666666665
13636,499.0
18167,550.535
1350,375.0
6976,328.3583333333333
13436,625.0
1731,599.0
18469,499.0
3645,1196.1967647058823
661,778.5583333333333
18358,1492.0
19220,159.0
1784,888.6818181818213
19153,2003.5933333333335
5452,3704.0
15496,449.0
7325,999.0
5633,3147.000833333333
6896,399.0
11291,284.0
5235,750.805
5085,251.0
12037,399.0
12945,778.0
2790,529.0
13106,237.0
17111,599.0
3351,523.625
15061,451.5808333333334
3738,699.28
20877,1049.0
3422,1589.0
18765,304.0
18222,389.0
18615,381.0
11113,228.505
9257,499.0
2893,277.85
602,566.4266666666666
17193,1446.825
5656,251.0
18118,699.0
13440,399.0
6289,555.0
13530,1500.0
244,393.88125
4000,335.0
19246,496.0
22,370.8216666666667
19677,449.0
2477,569.0
15089,499.0
14978,199.0
7595,375.04
6034,423.0575
20243,415.0
19527,398.0
249,624.0898333333333
5319,499.0
14492,468.59
1613,599.0
6614,590.0
7958,3266.5
18913,470.0
14528,867.0
20086,587.8475
5212,369.4436666666667
8306,398.83600000000007
11363,782.7230000000001
17388,499.0
9952,279.0
7747,649.445
19700,449.0
503,316.71
16647,389.0
16467,899.0
20172,449.0
17380,399.0
6023,245.0
16849,399.0
15677,389.93
8426,299.0
7866,484.86
17452,389.0
19929,799.0
8543,899.0
20307,664.0
12837,1271.0
9778,440.0
8313,299.0
4030,599.0
17244,2783.1
12976,279.1
7983,1999.0
1133,999.0
14899,220.0
16015,763.7933333333333
3863,749.0
2466,566.7833333333333
6005,499.0
10758,498.0
3934,180.0
1997,546.2975
4663,664.0
5980,391.435
16295,299.0
17926,472.28
1831,229.0
6935,774.835
12164,448.76958333333334
2671,1499.0
20840,331.87
6600,2905.0
10832,511.41583333333335
2990,557.824696969697
4984,549.0
11670,1333.0
16218,499.0
11487,1022.1875
9306,3425.0
8789,493.0
14353,1679.35
15764,469.8128571428571
6053,711.0
215,972.2657142857142
6055,1498.0
19886,360.0
4769,274.5325
9067,499.0
18808,658.0
722,523.895
15940,1258.0
11707,465.80000000000166
12783,485.63583333333327
16583,569.0
14586,190.0
19758,475.0
15769,299.0
4600,379.0
9150,299.0
2860,422.08166666666665
19197,873.0
11261,494.25
7497,339.0
11688,505.09
208,518.2407142857144
18260,992.75
8582,293.0
19882,345.0
12061,379.0
137,401.7755416666667
17565,488.0
4147,499.0
3250,279.00833333333327
740,499.01999999999987
2505,361.97
13389,465.80000000000166
2147,450.0
10568,289.0
18671,320.25
17051,330.0
12302,1049.0
2960,499.0
11555,399.0
15045,1048.0
1553,379.0
2187,1033.37
16526,664.0
6774,265.1376666666667
6495,539.0
14596,564.3325
13466,876.71
112,780.845
16813,741.0
5680,2527.0
7300,497.34
15846,361.755
17125,749.0
20639,219.0
13407,149.0
6236,649.0
7615,349.0
3407,739.0
10170,1394.17
20297,454.0
20164,281.68875
19733,361.0949999999999
6443,525.0
15740,474.0
5416,612.0528333333333
10084,646.9575
15260,556.1433333333333
9653,233.0
12406,444.65333333333336
9113,499.0
3942,699.0
8097,292.20666666666665
14919,315.0
4570,434.1566666666667
10518,449.0
1940,1622.335
3921,499.0
6690,509.8599999999999
2948,599.0
20378,323.0
6764,399.2075
4109,1641.1775
9014,660.74875
956,417.59708333333333
3507,440.15642857142853
15873,487.01833333333326
13744,498.0
14872,449.0
10444,2279.0
14794,453.21
6051,415.775
5214,2666.015
20782,489.0
4937,699.0
8345,337.1783333333333
17754,465.6666666666674
14517,597.5466666666657
4722,501.0
9116,169.0
11825,325.0
19403,298.0
18726,1049.0
3307,2025.0
7428,382.0
6220,253.90400000000002
13044,499.0
3264,429.795
13182,499.0
5253,298.7883333333333
20819,399.0
19661,306.0670833333333
15641,732.3333333333327
17916,499.0
19802,440.9954166666665
15345,413.5
12267,359.0
6586,566.825
3509,949.0
13178,377.61666666666673
8581,246.495
10338,1042.3316666666667
19157,729.0
17342,236.0
13117,189.0
746,508.1581547619047
46,397.9991666666667
9516,599.0
2240,209.0
13131,449.0
20331,534.1274285714286
18432,499.0
15331,2251.0
16671,974.0
4424,554.0508333333335
5610,3124.0
3092,445.0
12929,315.0
4164,499.0
5137,329.665
3348,699.0
8792,373.75
683,480.4425
10814,280.0
216,303.88999999999993
17116,239.0
1204,588.1
10126,284.0
17232,569.0
5815,500.3
6019,2663.72
99,468.375
1294,330.9025
15111,449.0
5250,406.43
19241,299.0
13248,779.0
9327,437.0
3111,194.04
1796,2436.0
17099,586.0
12930,492.0
2248,332.0
2353,461.6378571428572
1887,384.7241666666667
8237,845.0
20642,417.60748484848506
4161,545.0
2498,1718.2675
5484,2087.74
19853,499.0
4041,3647.42
17344,678.0
19231,1355.0
19467,289.0
5516,339.0
13289,569.0
9141,299.0
2611,504.0
2183,924.985
6160,299.0
11275,298.0
8391,699.0
9674,219.0
6312,741.385
20498,408.2845
12052,716.145
1514,460.76875
19613,532.985
5771,249.0
10651,714.0
7017,360.0
19718,451.35
13168,2400.0
4171,819.0
19939,332.9825
12835,403.824
4816,2136.2658333333334
19388,1418.573333333333
13006,493.0
18489,1047.5990476190477
18136,999.0
7486,164.0
1546,395.0
13702,360.4575
498,491.63
3302,475.0
14581,699.0
14763,533.195
19076,1427.895833333333
17107,519.1728571428572
8898,550.5030952380956
10033,679.0
11615,1271.4375
15488,495.0
11359,599.0
1618,383.0
5646,306.0
3228,432.765
16996,551.12
2578,278.0
12777,406.2370833333334
1746,391.9083333333333
7550,494.1999999999982
16545,511.025
12420,499.0
10053,315.0
17427,398.0
8462,249.0
1534,293.0
3354,439.52
9972,272.355
1247,549.0
18453,449.0
8319,558.0891666666668
8901,475.0
14614,586.2291666666667
13927,416.767
14920,2098.0
4480,799.0
2743,564.5360000000001
9111,524.0
8900,589.0
6445,428.0
9717,1145.025
7955,299.0
5456,411.26
6731,454.9083333333333
20450,298.9975
875,448.8508333333333
5055,998.0
8393,543.1091666666666
8508,2696.2593627450983
13925,349.0
19826,298.0
11840,399.0
18609,307.055
16738,342.3333333333341
1079,1393.0
12476,1599.0
10710,699.28
11730,577.1714999999999
12604,674.0
11109,255.0
9477,945.0
5608,292.0
16912,234.6666666666663
11945,390.0
15566,578.66
7532,2100.0
6831,506.69230769230853
18149,344.0
84,329.65166666666664
17145,371.73083333333335
8513,299.0
1067,499.0
17302,512.0
15420,629.0
7785,3547.0
1814,249.0
14712,205.87650000000002
6707,194.75
20250,483.4825
11303,664.0
19223,218.955
10413,607.125
10753,425.0
8622,204.565
4182,482.311
6550,497.5333333333333
13386,514.0483333333333
20942,305.1616666666667
810,577.155
12146,451.414375
17679,486.41875
8590,356.7
7716,260.525
20336,199.0
12456,843.9020833333333
11757,458.0
6076,394.0
4990,284.0
2503,535.0
7700,1249.0
15369,2749.0
12707,2023.1325
11071,446.5625
8431,223.015
20858,2345.5
4351,330.2688888888889
11701,974.665
10454,391.4
17535,502.51
13490,1890.0
488,593.0556666666668
8610,399.0
12201,452.5
8537,275.0
5640,368.0
17262,372.0
16326,408.64555555555563
17199,329.915
3671,972.325
11987,599.0
10613,348.0
2949,379.0
1512,499.0
15896,899.25
5384,305.0
2067,236.0
9785,420.76583333333326
19057,500.2766666666668
13412,452.6714999999999
4585,711.0
9872,399.0
2273,445.57666666666665
20099,1048.0
13224,229.0
5935,710.14
2033,600.075
913,693.726875
15388,440.0
14322,267.25
14769,2165.0
75,662.1816666666667
4494,420.0
9611,492.0
19449,648.0
3048,199.0
10970,410.11583333333334
19879,756.0
11813,298.0
9829,553.25
9282,386.75666666666666
15090,674.835
16509,455.4216666666666
18979,2125.9125
19553,1858.1108333333336
1061,746.2
10367,149.0
8758,1919.0
522,445.46625
2686,444.0
6760,971.5
2195,789.0
14396,948.0
7406,831.0
2666,484.0
14159,469.0
12529,238.0
2010,849.0
3793,1319.657222222222
16270,462.75
10620,699.0
9848,341.7525
20150,465.55
12907,1499.0
17794,331.0
4331,1979.0
9210,474.0
19135,456.19999999999834
17319,453.365
2682,524.0
10141,1049.0
19281,212.73699999999997
1836,284.0
15536,296.0
6777,608.165
19150,699.0
9563,317.32
1809,356.4000000000001
12261,518.7633333333333
9213,299.655
3009,199.0
2867,1081.445
50,2841.4283333333337
2728,199.0
3452,360.0
1777,366.69983333333334
12754,725.5
4181,819.0
18206,549.0
17227,423.86125
7204,745.16125
8001,312.345
678,2423.75
5677,299.0
1200,564.0
7956,449.0
8538,499.0
10087,747.9333333333334
8004,764.0
7445,756.0
2288,506.13833333333326
14516,381.0
12755,901.0
11082,550.2425
2481,293.83
14510,478.82166666666666
20240,655.0625
19868,379.0
13424,349.0
20764,576.25
11415,943.635
4982,424.0
5593,749.0
20783,319.0
19232,503.34
6721,999.0
19503,481.42
9001,273.4335
9217,294.21333333333337
3760,569.0
8945,380.64916666666664
7086,390.0736212121212
8954,621.5830000000001
4785,399.0
1517,592.245
3100,379.0
13473,756.0
5826,1499.0
11368,382.725
1971,578.095
1884,498.0
14673,334.53833333333336
1119,560.645
17721,477.8016666666666
6210,599.0
6847,649.775
11123,284.0
6409,379.0
9054,393.52
16101,287.6025
14288,319.0
11741,704.0391666666666
4100,1049.0
19013,199.0
1878,664.0
3496,299.0
5801,487.5
4279,478.4985833333334
18680,1374.0
14742,575.0
6276,306.075
13345,450.0
12264,1333.0
9266,882.625
13897,450.0
15487,281.42333333333335
16831,599.0
978,526.12
11976,229.0
19176,467.11
17220,578.66
4481,313.0
4317,626.41
9881,449.0
12668,749.0
13498,475.08
2236,459.635
18155,391.539
18792,882.625
16960,457.215
8967,519.1035714285714
14611,999.0
11254,368.875
11500,506.69230769230853
14376,999.0
10116,1138.195
5639,605.1596666666666
15454,437.87780303030297
17967,402.18
11244,569.0
19541,259.5555555555549
6442,741.385
20295,849.0
3350,779.0
3799,449.0
18074,2364.45
6466,625.0
16324,1899.0
16054,354.06
7601,339.36
10152,3749.2233333333334
12063,352.695
12243,399.0
15080,449.0
18479,476.3861111111111
2520,415.0
15585,785.7978571428571
1642,273.79
20374,534.75
10580,2479.651666666666
811,1344.2257142857143
13638,699.0
16410,249.0
14341,680.0
3193,435.5714285714296
6506,2499.0
8029,379.0
8955,489.66666666666765
20504,496.0
17084,2150.0
16649,2354.95125
15772,305.0
11702,525.0
2729,593.105
17946,478.71799999999996
12078,249.0
4950,367.0
11644,399.0
7313,580.8825
10026,1048.6575
17160,245.0
15214,392.2335
13341,294.0
9557,1049.0
6908,499.0
8691,331.0
3684,571.3983333333333
9981,399.0
7655,821.0
7980,388.0
8626,378.200833333333
10450,1605.2133333333331
15576,2115.0200000000004
18989,477.31750000000005
9697,699.0
3327,510.4538888888889
15231,149.0
4798,569.0
8450,526.195
15687,360.0
2100,599.0
5239,599.0
3398,509.405
10134,291.0
14263,275.0
12829,330.5
2381,2001.0
17093,457.1233333333333
10987,347.1200000000006
15892,298.0
4834,1299.0
1928,499.0
18141,448.0
15093,499.0
8643,491.0
12453,654.245
13330,790.0
4048,1057.333333333336
16720,607.6333333333333
18341,2199.0
9363,756.0
7459,522.6016666666667
865,470.48
4921,171.0
18803,601.9348333333334
8283,350.10416666666674
11393,474.973125
15723,398.39
7018,299.0
20411,528.5716666666666
18490,782.0
17003,199.0
13698,686.9475
15255,155.0
2907,299.0
11778,468.31
1577,253.90400000000002
13074,689.0
14883,339.0
6222,299.0
13128,438.0
2434,358.5
85,428.94
12193,279.0
12417,639.0
8304,840.0
18877,344.29
1579,359.0
1623,1958.735
7500,379.52666666666664
12335,1145.025
867,375.42625
16759,1110.5
10453,318.0
14969,668.835
55,431.904
8305,806.0
12594,2358.42
17429,399.115
7282,676.235
4,556.2115476190475
9318,4787.0
1970,659.0
12770,663.62
20697,284.0
19811,292.0
10115,2517.0
8230,199.0
2064,289.45
4234,2251.4883333333332
10903,513.2786904761905
13255,2436.0
1696,521.0
18443,493.0945833333333
15636,359.0
15436,1006.79
2806,2087.74
1544,1085.7375
1071,236.0
17066,495.0
5760,360.0
12957,699.0
18103,839.0
2573,593.97
276,418.44
8718,496.0
1235,564.9033333333333
1206,220.0
8855,849.0
5446,565.3880952380953
6937,460.3661904761905
5849,3285.695
9060,379.0
14591,506.69230769230853
4417,699.0
4135,314.26
2959,2030.43
17783,1539.0
18242,419.0
8595,290.2216666666667
19797,2190.64318627451
32,1367.79
15869,519.0466666666666
15471,488.2790000000002
11353,299.0
15720,2797.0
7172,279.0
1212,483.36999999999995
18317,1679.2133333333331
6481,314.0
6437,497.62
16909,345.63500000000016
5921,1537.0
17198,647.325
7960,639.49
4370,306.4316666666666
6147,395.3375
5978,677.9589047619048
6403,318.28649999999993
16766,545.0
3511,484.0
11222,469.0
18514,419.0
18655,382.265
6257,3849.0
19983,664.0
12207,219.0
8564,346.5000000000002
5713,2271.0
17293,499.112380952381
9736,360.0
16401,184.0
17974,425.65
19274,476.5
3742,555.0
14265,1060.4475
10895,498.0
11161,426.0
10570,348.33333333333394
2165,449.0
11418,331.0
11485,742.0
15525,383.97
4142,407.54
872,2826.815
15963,313.165
9078,391.7777777777795
13715,433.775
17962,284.0
12210,365.0
3906,749.0
12171,499.0
10385,405.095
7473,349.0
11325,300.45099999999996
1236,2922.0
4288,499.0
3299,499.86
20741,465.15038461538467
1366,535.7075000000001
13979,367.069
16959,714.0
407,830.9891666666672
16667,2257.785
3405,943.635
942,389.04374999999993
19330,712.85
6765,1049.0
4627,335.145
11516,1189.0
10245,398.0
18883,550.19
7693,225.0
12274,1458.948333333333
16426,2336.31
2392,1048.0
8332,672.0
3648,714.0
7614,300.91
15310,442.39
7731,522.0
12255,543.0325
11553,330.0
9426,835.0
3364,98.5
16341,2582.0
11994,525.0
1211,599.0
19586,424.0
5230,446.0
16932,249.0
3426,560.0
19068,513.8666666666667
20309,492.47
15921,231.0
5934,1493.8775
16931,432.755
7197,304.33333333333417
10081,399.0
15625,1590.75
17799,3205.08
4064,376.235
3495,285.0
3984,606.6875
4530,799.0
6531,471.0278571428571
7736,735.255
14959,369.0
10151,270.0
11423,381.075
14204,384.385
18574,1908.6158333333335
10055,850.666666666666
7169,319.0
3456,499.0
132,1168.245
14661,255.0
10474,293.83
18873,493.82416666666666
12287,424.0
16342,298.775
3913,389.0
6377,236.0
14857,264.0
16593,1654.035
18772,399.0
19268,625.43
2118,495.0
16470,2783.1
4832,298.0
20174,400.355
13963,379.0
10275,432.08
12653,496.0
10132,299.0
14223,2309.0
13163,390.0
3425,234.0
12748,892.0
10646,319.91683333333333
78,536.2766666666666
6319,349.625
10683,499.0
2387,2109.2225
16068,2797.0
14828,413.2325
3556,320.25
19764,1238.6541666666665
6238,1493.0
7006,357.8416666666667
9019,310.0
2080,386.0
2027,299.0
2558,299.0
16894,473.66833333333335
15277,299.0
734,398.27916666666664
18062,716.0
2647,485.26749999999976
3486,499.0
13238,362.0
14561,523.0081666666666
11238,383.68316666666664
12284,521.0168333333334
10173,499.0
2589,512.625
603,2671.3383333333336
16141,309.017
15251,1393.0
13038,331.0
4701,506.69230769230853
10409,689.0
17522,695.5716666666666
18511,396.66666666666674
6701,418.8333333333331
7976,1499.0
1532,1401.15
11679,221.4
8906,499.0
5115,418.8333333333331
6714,990.0
926,604.725
12892,360.0
9882,198.94
2680,569.0
17369,825.815
14987,389.0
17378,398.0
6065,376.2
8420,391.7899999999999
9837,694.7375
1987,398.0
8921,409.04449999999997
17873,497.0
6064,749.0
9960,379.0
5678,399.0
20775,2089.0
11212,399.0
16787,349.0
16752,469.40416666666664
12779,346.5000000000002
3735,776.79
16479,546.0
197,509.8220833333333
179,430.425
5402,299.0
15264,579.0
9859,169.0
7627,391.92375
15141,499.0
14720,383.3384848484849
13239,599.0
10838,505.9741666666667
7100,639.0
4342,716.0125
12290,3311.6416666666664
16336,591.0
13379,381.80833333333334
7392,1759.0
3049,235.5625
1896,499.0
12495,500.885
2314,491.4266666666666
4877,399.0
15669,734.4475
5571,599.0
5206,179.0
10046,549.0
18599,529.0
16873,341.57
6661,399.0
13047,312.0
17964,382.0
3173,431.275
1327,459.0
20088,370.3034696969698
2969,534.0
4493,2152.8675
6825,511.325
11233,551.21
6793,361.0
9083,599.0
468,430.2579166666667
5121,271.0
1726,206.27
12595,1591.0
17935,565.14
5430,474.0
7683,328.7723333333333
5730,500.3
20888,446.5200000000001
20352,594.0
8397,2116.5850000000005
19256,315.5
9440,1587.8533333333332
6964,2436.0
17426,499.0
12674,498.0
8958,284.0
8151,500.55400000000003
633,2345.1075
11357,309.0
2511,832.0
18658,1048.0
4046,966.745
11414,201.0
8187,493.2236666666667
15236,497.0
18220,707.98
18804,2290.185
2824,1441.0
13689,184.0
12810,395.51
15197,1941.0
11379,349.0
5983,569.0
7630,131.0
7585,899.0
3855,447.295
20132,619.8375
6633,498.0
3836,399.0
11748,308.5
18097,420.76583333333326
2023,520.0
10510,2000.0
7981,417.6141666666666
5569,569.0
3273,491.115
14693,511.3
3178,381.0
8278,556.1433333333333
94,551.3
13811,449.0
8926,304.0
20212,387.11000000000075
16955,414.09
9938,370.3792916666665
9902,602.79
5362,1374.0
2822,499.0
5296,299.0
2478,488.0091666666667
7367,457.3533333333333
20886,2009.0
9046,303.0
3897,325.0
18967,312.345
2202,1118.3425
16811,2723.0
11474,391.0
18478,1421.0
13981,754.0
1358,663.62
15007,566.4730000000001
7437,323.0
13374,219.0
4977,474.12925
17599,1410.1241666666665
8344,491.0
13789,949.0
10164,349.5
16791,499.0
5785,451.81
5622,199.0
7504,450.0
14011,1097.0
15408,649.0
13284,399.0
11204,586.9525
19418,467.0
1410,599.0
10401,574.0
10750,299.0
13001,469.0
2518,332.0
10816,297.0
13650,1798.0
5461,336.42
8399,307.0
20229,520.0
15228,449.9613333333334
2655,299.0
20425,545.1866666666667
8698,439.0
3211,1040.0
2231,488.024
15639,866.41
2612,483.0
3421,609.0
16934,410.645
4454,475.0
1392,254.715
2988,538.4089999999999
10008,356.0
4974,882.0
15379,464.0
10107,3059.82
13745,366.45833333333337
8070,2105.6666666666715
2780,358.025
5568,425.8558333333333
3778,631.607
3817,474.0
12471,199.0
6865,1689.0
1558,515.6025
4375,449.0
20707,595.415
15492,383.059
12189,1469.5173333333335
4473,2436.0
5969,289.69666666666666
6898,599.0
12364,549.0
5615,372.85
4623,472.22125
6756,438.287
4418,379.0
2184,2515.28
9208,399.0
7010,448.28
15477,350.04
10734,686.5
16493,401.93816666666663
7454,299.0
7816,2761.6675
17458,488.29716666666667
5627,410.3675
2030,529.0
1656,2060.568333333333
10885,299.0
1160,441.75
19741,395.9133333333333
1490,611.9133333333333
1768,359.0
10344,409.5
14354,449.0
20517,650.915
2793,249.0
12033,501.5
1286,495.0
15861,583.2558333333333
17734,556.1358333333333
10282,289.0
14369,539.0
3834,888.6818181818213
11493,549.8616666666667
14365,849.0
1281,398.0
6786,569.0
387,486.570625
18573,499.0
8042,499.0
7039,3894.0
1215,414.75
5479,789.0
12270,437.7513333333333
17305,499.0
12225,1047.0
19456,2383.58
9551,198.94
18013,189.0
1004,305.495
1081,299.0
5889,239.0
18811,599.0
17996,3059.82
17856,480.0766666666666
3261,984.6625
5345,398.0
4043,604.3999999999979
10353,1349.0
18273,1048.0
12522,315.0
10480,299.0
3078,418.6666666666669
16536,564.335
17684,599.0
17558,539.4433333333335
15254,378.5
20208,474.0
2941,474.0
17047,629.0
6249,199.0
16707,712.4016666666668
7358,356.095
5909,1743.0
5612,499.0
7957,499.0
6328,930.73
3192,439.5686363636363
9261,835.2233333333332
8530,179.0
14102,475.0
7016,749.0
11253,256.06708333333336
13807,299.0
580,444.2
14548,572.81
325,420.4425
17871,191.33333333333326
20657,389.0
3293,555.0
11245,677.7983333333334
18663,299.0
4944,599.0
3895,379.0
20633,449.0660576923077
471,630.13
5549,497.0
8271,501.08666666666664
19895,449.0
7669,446.0
14785,435.0
8861,1021.9316666666667
19445,199.0
13862,1499.0
19629,379.0
9226,499.0
10481,185.0
8141,949.0
19252,498.0
2499,699.0
11881,378.84166666666664
8155,640.0
1522,199.0
15261,429.0
17886,360.01666666666665
10935,493.0
15230,371.0
16164,437.0
18099,225.0
16619,317.42
19694,486.0
5290,297.125
14700,1699.0
10698,472.00571428571425
17908,488.024
15908,344.333333333334
10193,611.0
9911,1799.0
1208,690.0075
16818,2244.4066666666668
9707,444.4825
20930,1574.87
1767,510.235
52,978.8566666666666
3562,169.0
14695,449.0
7666,236.0
12635,489.635
3341,314.26
10844,589.0
17089,1574.0
10775,338.0
19427,2294.346666666667
18585,2424.5133333333333
13400,492.355
16860,396.3666666666666
17469,821.625
11262,474.0
14236,549.0
3276,288.0
16588,378.6
20221,372.85
20552,482.15404761904773
4294,756.0
6471,367.069
9185,302.47
4803,2127.668333333333
4233,399.0
4003,379.5
16498,799.0
16650,377.6666666666665
16202,543.0325
10261,649.0
16366,379.58208333333334
13084,398.67650000000003
13568,289.0
11969,4786.26
18582,685.0
14275,297.62
10617,517.0
20529,209.0
20304,2389.5033333333336
14941,547.22
6613,888.6818181818213
8221,434.0
13344,443.68833333333333
11503,471.23
14310,555.0
12874,199.0
1185,349.0
2749,1905.0
2652,516.8575
13717,425.615
12891,399.495
14391,298.0
10269,438.8
20541,929.0
13258,299.0
19112,209.0
6713,2699.0
20051,498.0
10452,426.0
3837,468.8975
2606,460.6991666666667
1085,469.34
10426,274.0
20314,699.0
1680,2639.765
9178,434.9854166666667
18974,314.0
8787,325.0
10360,382.725
10372,733.49
11338,1655.1325
16252,548.825
17180,284.0
627,606.6995
1766,449.0
10584,2224.25
14402,441.6
2440,537.455
5925,399.0
3680,379.0
1614,449.0
20469,395.69
10567,699.28
4403,569.54125
16350,308.63
2035,319.0
11290,2922.0
4192,527.9883333333333
5738,2033.0
4167,342.785
9771,1994.0
11347,375.69916666666666
17389,440.0
14192,474.0
2122,449.0
11612,4117.931666666666
17598,789.8841666666666
19912,949.0
11531,599.0
14112,477.005
19778,559.0
15423,446.2295
18523,756.0
4139,297.125
9280,207.5275
10300,319.0
19054,3346.873333333334
3294,774.5683333333334
10690,381.0
2024,751.5083333333334
1082,360.5
14278,294.213
11859,185.0
9480,2579.0
13446,999.0
5093,318.51
20452,499.0
19310,599.0
993,465.7539166666665
7852,460.385
12814,269.0
6358,431.275
6643,379.205
2460,299.0
7210,429.0
19072,1599.0
12926,239.0
15587,285.0
20619,298.0
18377,179.945
11028,995.0
13901,806.0
17503,817.3958333333335
16262,545.0
3854,450.0
13863,533.2916666666667
3263,453.985
1870,1696.0
15703,925.0
16681,418.0
13263,299.0
12064,498.0
499,454.28566666666666
10111,499.0
14292,369.16
15893,266.6020833333333
14741,799.0
3419,289.5
15084,3114.0
17511,2019.94
11451,599.0
18789,367.4083333333333
14972,363.909
8047,399.0
9909,805.72
9064,248.7316666666666
12083,399.0
8870,477.0
16469,499.0
18730,570.6666666666682
8280,791.0
128,533.9016666666666
3636,699.0
6832,1691.1933333333332
390,446.89833333333337
15366,449.0
16383,308.925
6815,149.0
6850,428.6996666666666
20162,189.0
15030,399.0
13318,490.30583333333345
13950,379.3333333333335
14709,1400.0
14749,454.115
16987,458.225
10382,497.0
11552,664.0
16936,282.73
10839,258.596
5483,575.899999999998
1115,401.55916666666656
9107,289.0
14732,699.28
5667,346.795
3409,499.0
7576,259.5555555555549
14938,1499.0
19243,299.0
8521,299.0
19790,1759.0
16392,399.0
13441,443.38166666666666
5018,399.0
20878,355.0
15848,296.28
12896,398.33333333333326
19607,434.83416666666665
18303,1074.75
9156,686.7
19019,549.0
7906,466.1525
14988,508.605
15866,371.3
1597,333.8470833333333
12299,613.13
5179,692.02
5186,627.72
996,622.8008333333335
393,388.8971666666665
9539,315.0
8869,428.6996666666666
12830,471.23
17781,191.33333333333326
19020,148.0
4703,272.0
12619,496.0
11527,474.0
20303,395.0
10327,424.9090909090894
17498,569.0
4023,496.0
18820,599.0
9725,483.0
4146,446.06416666666667
17213,999.0
15438,482.311
16812,417.23
10878,2025.0
14219,1470.7142857142856
2304,275.0
12684,2069.47
12613,345.0425
17329,629.0
4612,299.0
9015,909.0
4208,274.0
2415,407.675
7130,499.0
20382,1255.11
8251,835.87
19043,699.0
5298,260.0
17076,397.0
414,437.15
6627,499.0
18398,649.0
14703,297.0
7549,991.925
10350,355.0
20009,499.0
4622,889.3333333333344
19271,1042.3316666666667
19567,1726.0
4251,475.0
2610,393.0
8274,908.0
20937,435.635
2782,2277.9525
17126,663.7
3062,361.0949999999999
17028,399.0
14976,474.7950000000001
15005,1049.0
20940,2403.475
19320,287.85
2869,3225.145
9264,329.0
12065,317.3333333333343
20042,299.0
3291,549.0
6965,338.81666666666655
2446,1225.92
20000,1049.0
9770,445.685
12662,458.0
13188,512.1999999999982
10637,449.0
10009,474.0
9892,199.0
98,387.5340833333334
5886,269.0
18623,499.0
20729,259.0
9961,569.0
3246,347.96
368,341.4145833333334
20011,2436.0
20777,2859.365
7678,2299.055
14412,599.0
19820,870.8666666666667
3427,495.99666666666667
16596,398.0
1457,599.0
20128,473.99333333333345
17546,499.0
14532,498.0
12440,378.79375
8386,301.0241666666667
20214,349.0
3567,1374.0
356,732.6180952380953
8519,817.3958333333335
15327,665.31
7787,1917.435
8364,1743.0
18217,189.0
13442,244.0
4850,499.0
9690,499.0
9403,412.695
9248,999.0
15374,325.0
1606,251.0
5024,446.06416666666667
1793,468.0
1585,474.0
15685,277.0
15414,280.0
3553,743.29375
3720,397.4975
15880,269.6783333333333
8771,312.38375
15998,504.0633333333333
3279,347.325
1304,369.67583333333334
11436,299.0
16916,310.0
17282,429.01166666666666
13667,1619.0
16296,379.0
14895,353.0
20478,805.555
11318,575.0
10464,294.0
6858,499.0
17850,895.0
18740,835.0
8165,449.0
10232,489.0
10169,778.0
15867,1899.0
3219,590.50875
3074,1029.0
16603,239.0
15987,1500.9516666666668
16329,399.0
4267,2025.0
17418,604.6666666666683
12582,530.425
19839,299.0
20563,332.0
2695,616.0
11659,1708.0
20328,360.89
18701,484.89
19064,863.0
1028,497.08
11871,449.0
19082,1499.0
8347,498.0
8056,299.0
11187,790.0
2501,559.81
12692,444.15
18256,499.0
4186,383.49125
2464,699.0
8963,3597.0
5071,479.0
7235,148.0
14834,290.0
4907,299.0
5841,402.84
18316,281.5
15385,381.59
15318,641.9091666666667
8404,296.7
1646,499.0
6619,455.0
11463,379.7799999999999
2887,848.6
17281,3119.275
11320,1619.0
3079,1042.3316666666667
11521,346.45833333333326
16542,1999.0
2984,450.87066666666664
19655,3562.0
8082,325.0
2911,149.0
709,388.17
7521,220.0
18957,818.4341666666666
11200,1595.0
5515,815.535
2839,799.0
3594,562.0
1311,861.0
6132,311.5625
11090,1247.0
230,428.2363333333334
8355,3497.0
16072,314.0
2038,587.3475000000001
17236,799.0
4416,995.0
20611,607.455
730,445.0125
19421,320.5675
3652,694.7375
20348,469.75
10039,2397.0
9395,349.0
11584,588.0
7616,677.47375
9704,1349.0
18568,399.0
19549,496.0
19229,398.055
3428,444.0
20449,329.0
16137,849.0
4690,658.625
13899,1143.345
8369,357.675
17260,525.815
20539,287.725
1201,2371.015
15654,2398.0
10609,566.33
8339,499.0
3515,3907.6349999999975
110,355.67055555555555
20925,429.0
9926,399.0
10351,639.0
20255,498.0
11908,599.0
15038,767.6666666666669
8868,1986.895
8268,3547.5916666666667
13061,592.8571428571441
4835,1299.0
3928,1294.495
8522,780.0
14403,248.0
3143,449.0
14743,245.0
1923,494.1999999999982
7285,599.0
9806,446.87
6237,256.0
16539,1965.0
10574,2458.48
4605,530.0150000000001
12459,443.69
10377,2732.333333333327
11995,515.4855769230769
15378,1470.7142857142856
12844,332.499
5918,496.0
20560,349.0
4254,1049.0
6304,335.315
2811,421.0
483,2188.3566666666666
9081,387.0
7338,2025.0
12034,294.0
7005,275.0
3473,506.10166666666663
16525,394.0
12726,523.725
11278,599.0
8657,806.0
6845,3490.675
8978,345.0
16059,548.75
8412,534.985
6287,285.37
18706,184.0
3402,671.14
8106,449.0
8499,1047.0
3765,460.0
8994,544.0
19261,399.0
5172,290.5
11032,1123.56375
1909,649.0
15891,1649.0
8510,364.1679166666667
19609,378.5
19904,416.19999999999845
13264,499.0
9576,443.69
4321,541.7466666666663
8524,568.0
15779,368.0
8145,389.0
15990,2000.0
6143,398.0
3152,500.7728333333333
14708,838.3216666666666
6438,564.0
6125,649.0
17217,399.0
18958,281.5
4868,564.0
4706,575.899999999998
10420,669.4845
2343,541.9275
5722,672.0
18930,919.0
8144,399.0
10123,239.0
12263,416.0025
3856,637.275
6101,233.0
7165,236.0
20136,599.0
18397,1799.0
17955,491.115
13617,484.0
4905,818.7094999999999
20275,236.0
13610,344.0
4426,589.0
16210,1501.8166666666666
6097,754.485
9803,759.0
19062,499.0
4227,835.26
4187,1022.475
11593,191.33333333333326
10629,2246.0
3142,284.0
17531,695.0
8858,831.8125
11845,249.0
1147,453.0
18646,474.0
6089,1543.0
4566,376.973
11677,349.0
533,462.73125
4065,379.0
17360,244.0
5555,377.9581666666667
12715,257.09375
8780,426.6666666666671
17639,499.0
20440,524.2633333333333
7626,462.75
3968,1946.0
1519,729.725
18997,499.0
16673,149.0
6708,299.0
16178,438.0
14714,338.61
3644,699.0
11841,297.0
4614,319.0
17316,517.5233333333333
19474,424.0
6930,334.465
3268,492.715
10857,387.19999999999857
550,517.5466666666666
16287,2172.742500000001
15224,2516.161666666667
18252,488.2790000000002
3654,1147.43
6492,284.0
13266,243.0
10777,597.5916666666667
15745,322.0
1029,571.68
19866,268.0
4120,480.245
7225,399.0
17485,2068.441666666666
16622,999.0
934,594.8070238095238
4093,499.0
9278,363.0349999999999
15567,474.715
894,1823.8829761904763
1734,560.0
16782,903.0
6710,500.2766666666668
10988,361.8375
12762,458.0
5949,549.0
12426,367.0
17594,212.485
5177,474.0
6288,459.0
17929,415.90375
1241,403.4033333333333
20044,248.0
13426,453.0
5286,199.0
688,286.03541666666666
20802,378.0255833333333
6181,525.0
16374,596.635
15556,2097.0
16533,555.755
16827,1039.0
138,1608.6246666666668
11471,272.87
10109,525.0
13227,499.0
5327,205.40000000000077
16024,1162.74
6514,399.0
5539,1632.3333333333326
13628,243.5999999999991
7040,360.0
1381,604.3999999999979
18940,379.0
2379,421.03
7844,1049.0
25,627.3441666666668
9339,399.0
10477,3021.4802941176476
6482,854.0
6730,308.5
8864,309.0
5789,341.2048611111111
2427,518.33
18570,591.465
16684,483.91700000000003
19465,279.0
10502,337.98
8989,565.31
19989,1049.0
12876,151.0
1789,1982.6595833333333
11763,1071.86
10821,299.0
8158,499.0
1264,498.0
676,1106.585
19278,449.0
277,372.7344166666667
18352,1217.0749999999998
9112,652.1584999999999
6647,379.0
4692,599.0
12038,398.0
10863,374.0
9139,1595.0
5823,499.0
2531,495.0
9421,486.64833333333337
14083,415.0
3801,649.0
13685,1456.0
12631,624.0
12501,680.5714285714308
303,434.2765833333334
3618,474.0
14316,474.0
12028,258.3591666666667
5475,585.19
13669,658.0566666666667
13662,401.0
18467,183.0
2535,499.0
3044,2500.0
7888,285.0
12790,399.0
19107,1258.0
5647,2025.24
9980,519.79
20787,2436.0
18085,1047.0
20216,342.86625
760,465.38166666666655
10097,674.835
5080,284.0
19299,485.19621794871796
17960,459.0
6909,2038.0
20805,215.66666666666646
9132,309.6666666666658
7780,428.79683333333327
7438,403.68208333333337
3122,198.0
12295,227.40000000000083
9687,2862.0
16510,489.0
9126,961.6358333333334
11406,621.0
14609,602.165
8882,299.0
19588,271.93
2308,371.16
7493,399.0
8779,1908.6158333333335
16142,1437.025
11673,312.345
13414,799.0
1342,260.15
14658,328.537
1323,292.0
4219,415.62166666666667
7299,311.0
1073,412.3333333333331
17464,1049.0
9918,444.73666666666674
10847,536.0
2641,2364.45
9606,584.2238333333333
16423,303.5
7670,632.8583333333333
16026,359.0
12894,326.57375
4012,756.0
18338,426.0
4264,428.11458333333337
2490,410.11583333333334
3757,2582.0
11705,2334.845
11483,476.5
8872,409.0
10419,1048.0
1617,699.0
10792,2349.78
3947,2853.0
2775,529.115
2966,443.68833333333333
12409,561.815
14207,515.6025
13478,199.0
16464,229.0
15659,490.18
566,696.8705
6587,475.0
4563,399.99708333333336
14501,253.705
18760,947.0
10234,832.0
15162,2188.7916666666665
20923,1042.3316666666667
10886,305.0
18910,882.0
5763,594.765
8287,699.0
8765,615.9234999999999
374,409.6675000000001
2208,309.0
12166,2566.3529411764607
18791,2076.0
11135,1299.0
13500,289.0001282051282
12700,949.0
3967,379.0
18638,327.3530000000001
4691,289.0
1621,1946.0
8550,500.825
1373,379.0
19270,585.91
3683,419.0
20604,525.0
12477,599.0
2912,306.0670833333333
4411,583.6483333333333
11309,374.0
2471,1017.2475
5203,477.0
8573,348.63
7795,1765.5
11507,299.0
1985,479.0
15296,569.0
14686,418.8333333333331
9713,239.0
3918,662.4075
18240,499.0
4681,354.21
2563,481.8675
13770,596.895
17336,609.4704166666668
19340,474.7233333333333
3732,404.0
2564,299.0
12661,345.9808333333333
12416,475.085
4057,446.845
4983,434.8283333333334
18729,333.0
1065,1258.0
7613,242.435
9047,436.61708333333337
3157,440.0
9847,499.0
5063,2250.16
8396,290.115
4018,189.0
8799,299.0
11631,1499.0
18593,562.8633333333333
16722,2323.4
19393,420.0
12188,511.705
19423,412.5
19327,466.54979166666664
3437,199.0
12852,418.8333333333331
14488,795.0
19725,248.75
12565,199.0
11369,790.0
2814,455.0
10688,249.0
9215,1047.0
19410,501.8825
4102,365.1999999999986
17444,499.0
246,589.9383333333333
19164,711.0
1782,2088.55
2926,404.6666666666668
11365,499.0
16018,332.0
7249,638.2058333333333
1683,806.0
20067,379.0
11236,2436.0
15763,4199.0
13085,654.825
1124,699.0
8334,467.95
14808,336.38
6817,560.0
11797,331.1625
13683,294.45
11852,592.0
15150,286.22
700,293.7575
15778,320.0
13452,315.0
11641,493.0
17493,420.0
7873,725.5
17602,1951.0
6327,738.785
12629,446.3066666666666
2629,499.0
6214,290.0
19674,208.0
403,338.6916666666667
6427,401.0
3569,497.8575
6025,1298.0
7640,205.40000000000077
12320,699.0
18999,664.0
15499,1217.0749999999998
2620,349.0
5939,1678.69
18426,318.0
10537,395.095
8006,999.0
7758,498.0388888888889
19739,391.48833333333334
940,359.13399999999996
13587,721.0
8502,379.0
6742,664.4816666666666
2919,2686.5
10658,399.0
5189,529.0
17215,1499.0
18274,2472.0075
18832,378.145
10227,289.0
6984,298.95
5265,599.0
10697,454.0
10633,340.0
13560,657.0
952,526.6500833333334
4807,500.55400000000003
7275,390.58
14903,449.0
1398,616.50625
20364,629.0
9939,474.0
20397,292.0
4960,544.72
2852,462.79375
10071,953.49
15094,414.5675
1744,372.0
5881,249.0
18326,278.48333333333335
17662,513.0066666666667
19634,1379.0
9088,1250.0
14810,569.0
8188,473.10666666666674
13676,499.0
2840,2150.0
2210,512.4045238095238
20444,674.0
18857,474.7233333333333
4561,424.0
20521,752.02125
15694,378.0
8615,449.0
2170,169.0
19395,2482.8016666666667
10118,491.0
11623,314.0
11662,659.0
12196,348.0
7749,621.3333333333316
16109,313.52333333333337
15715,499.0
11640,284.0
10755,909.0
7779,346.6341666666667
19743,1353.0
639,448.255
8376,379.0
3288,745.12
18022,259.0
9944,756.0
5142,399.0
16668,524.0
8905,481.79249999999985
12148,401.10431818181826
9087,649.0
20402,599.0
7153,359.0
17987,599.0
9587,452.5
16195,720.0
11127,760.5583333333333
16025,799.0
71,571.4580000000001
17805,532.34
19460,219.0
9912,229.0
5361,657.0
17447,2330.15
11716,275.0
1818,435.51349999999996
12199,180.0
19744,599.47
5372,266.215
15655,1167.46
1485,365.1999999999986
4076,1049.0
14860,617.22
7943,474.09
13565,399.0
9231,229.0
4412,345.46
13671,599.0
8923,399.0
8190,199.0
4247,1847.47
11202,536.5279166666667
3321,924.0
1894,318.98
18497,396.5356730769231
2624,457.9
4482,377.61666666666673
3872,640.0
15157,1679.35
2850,474.0
20816,433.50679487179485
7468,298.63
20096,499.0
8899,149.0
7706,615.5716666666666
4857,962.2
3674,297.125
13601,440.705
10995,569.0
16507,469.0
15184,406.07866666666666
15910,502.505
14943,629.0
3258,549.0
8843,1368.175
7913,1380.442
13275,584.0319999999998
8557,189.0
268,456.385
8026,395.9133333333333
18762,495.0
12520,499.0
13820,259.0
6513,510.235
18000,527.0
4001,431.6733333333333
8414,312.0
2849,2399.0
17779,264.0
8916,1259.0
13658,535.0616071428572
6785,325.5
20799,836.6000000000031
12571,343.0
20207,333.695
17539,379.0
17914,279.0
5083,465.4413333333334
4912,449.0
10384,374.51666666666665
15834,564.6924999999999
12395,349.0
2043,488.54333333333335
11429,353.0
4640,854.0
2766,299.0
12922,972.975
1244,664.0
8400,529.0
10101,1067.205
9279,326.9666666666666
14590,464.0
7013,330.5
17728,494.04
9069,516.50875
2354,2099.0
9708,1595.815
6544,389.0
2752,287.03833333333336
13675,299.0
15078,404.0
9349,899.0
14946,599.0
9594,940.61875
7233,555.8919999999999
2077,1047.0
6171,649.0
7082,649.0
2301,399.0
19888,185.0
15693,199.0
7059,412.5876666666666
7224,335.0
16527,2855.1925
7506,449.09
17905,325.56033333333335
18814,594.0
10735,453.395
13469,1935.0
10493,395.0
18926,1878.0
10632,340.0
16950,468.3866666666667
16948,379.0
20659,1321.9016666666666
3045,383.89
19161,658.3308333333325
11695,219.0
19530,289.0
6822,569.0
19977,882.0
2723,379.0
10265,1899.0
6451,407.3154166666667
13649,470.0
16568,818.0
16712,2145.0
14850,888.6818181818213
15653,499.0
864,499.0878846153846
6999,238.0
7475,1041.0
12070,536.0009090909091
18844,494.0
9382,399.0
19518,485.75366666666673
12998,459.659333333333
13054,353.59
18653,677.9589047619048
6353,389.85
20693,391.7777777777795
4429,1824.625
11449,925.0
12394,420.4716666666667
18210,399.0
291,494.41166666666663
12439,590.365
7098,419.0
751,444.1325
15382,427.884
1612,850.9591666666668
20354,992.0
1059,410.0775
4168,649.0
14119,313.535
15833,1049.0
6895,275.0
14755,836.0
4560,259.9975
4828,599.0
6650,292.39
7118,449.0
5932,398.0
15882,599.0
8466,1161.91
16021,1449.0
9774,650.915
11058,199.0
16471,199.0
16298,506.69230769230853
12725,1005.0
1112,549.0
4470,1533.605
6303,474.0
20686,524.8225
11857,599.0
14258,449.0
18325,992.0
19817,314.00933333333325
9515,359.0
3269,1471.595
6768,2849.0
11737,321.5
16485,868.86
4330,471.995
11416,590.0
4569,395.75166666666667
12985,541.7466666666663
2133,490.29
1292,353.765
1492,403.9766666666667
18175,3981.491666666667
10807,345.93416666666667
15628,406.22666666666663
10487,855.6133333333335
18894,581.845
11085,526.195
4679,460.0
410,332.68625
3777,383.67083333333335
7173,393.52
18178,552.332857142857
12984,2258.13
16236,435.0
6282,440.705
1980,782.0
3114,544.0
17661,199.0
18650,432.0
13079,345.0
1634,1299.0
8632,462.68
3528,439.0
7444,636.935
10732,645.250625
2898,1233.0
16106,653.575
8410,449.33
2733,1946.0
2001,475.0
7450,409.5
1396,1018.0
7776,986.27
15706,185.0
18953,499.0
6470,299.0
16918,599.0
13328,1299.0
19180,714.1358333333334
16810,467.235
17730,299.0
18674,2156.0
14059,831.8125
20853,430.6000000000006
1722,569.0
14592,389.0
11843,499.0
17776,399.0
11556,380.93
2121,499.0
173,475.3689999999999
17242,1385.0
13546,459.0
10915,299.0
4676,270.0
3870,599.0
5277,1846.557
11953,484.945
12410,2797.0
8891,1294.495
11893,395.0
16338,508.605
11398,343.0
4220,1599.0
15456,376.44
4869,606.235
11067,381.8825
6229,487.79
16010,199.0
6244,498.0
7668,219.0
20625,384.874
9894,286.595
17982,599.0
5726,2250.0
4415,499.0
5204,644.0
18975,350.925
3357,533.2916666666667
5645,190.0
3639,307.17599999999993
15770,353.725
7689,449.0
3796,474.0
17519,398.0
7760,542.565
3981,649.0
12673,358.5
7831,499.0
4780,427.884
2303,284.0
7455,1446.825
20224,181.0
9805,2650.0
20123,3143.9325
16065,1565.184047619048
10402,362.0
10479,596.645
18290,839.0
5193,389.0
169,412.205
10925,2447.0
4471,479.0
1595,493.94333333333327
9670,199.0
10928,510.0451666666668
5171,446.0
7321,474.167
5755,851.4780000000001
18410,698.0
3283,299.0
3876,970.0
5281,284.0
5273,599.0
1338,279.7018181818182
5031,683.0
1069,2708.0
5436,366.05
16084,510.90666666666664
18128,599.0
7877,279.0
8293,389.0
10718,501.7383333333333
8088,454.6666666666673
6552,1964.291666666667
11156,424.0
12003,569.0
1197,789.0
15402,740.605625
5782,345.0425
3420,356.46
2599,244.0
318,425.915
2186,480.72166666666664
8918,399.0
6797,599.0
9071,399.0
5256,284.9105
19248,389.0
5777,2749.0
10430,389.0
9004,361.67
7535,465.15038461538467
6751,366.8225
7558,449.125
452,354.7275
9876,412.5
19321,1798.5
9729,414.5
4038,428.595
17638,279.145
139,502.03458333333333
11582,499.0
19822,599.0
12666,389.0
13793,474.0
386,2112.41
11766,264.475
9997,399.0
718,615.47
9577,515.1095
12905,467.0
19205,799.0
17821,549.1
4677,542.77
13291,245.0
16253,478.9
8902,569.0
5520,1990.51875
14209,499.0
18232,599.0
19519,409.54150000000004
1418,475.0
16155,628.0
8358,699.0
3230,2831.475
3657,949.0
20016,441.41833333333324
6285,249.0
1526,499.0
19041,2797.0
15239,399.0
5271,462.7316666666666
8984,379.3333333333335
9536,1554.06
20587,396.66666666666674
15739,664.0
11214,429.115
11348,399.0
13866,1132.5941666666668
10668,849.0
18259,327.535
18998,457.1233333333333
148,458.327
2528,399.0
1763,776.24375
14054,399.0
7062,199.0
8618,981.0
14756,861.0
18077,776.99
5234,487.5
10373,558.8066666666667
7622,821.625
4800,998.0
15561,4073.19
9203,509.57333333333327
7494,799.0
3977,335.0
19309,272.0
14330,580.0
7868,398.0
4273,485.0433333333333
7739,249.0
4923,369.0
20943,549.1
9172,406.96
7133,457.8325
13949,456.97333333333336
19535,399.0
2798,411.295
10179,1682.195
11115,799.0
9031,213.0
15154,358.95833333333337
3520,227.66666666666632
4588,274.0
20019,549.0
6696,198.0
829,393.42800000000005
754,356.55699999999996
11733,464.0
19927,627.815
19747,1713.0328571428568
9628,421.70773809523826
9675,494.1999999999982
17545,2817.655
8291,999.0
19401,583.2111666666667
13727,399.0
13058,3205.05
19002,663.0
13088,363.93
1443,1374.0
12020,540.219
12796,890.5
20182,549.0
6827,674.3333333333317
19035,632.0
11940,399.0
15002,569.0
6017,607.4783333333334
20147,450.0
15860,474.0
13023,398.0
832,458.49958333333336
14167,446.8375
18755,298.0
10881,949.0
8873,502.84
8741,607.8475
13187,2238.4117647058824
11239,2655.4175
20825,420.0
17267,2749.0
543,341.585
2779,316.72
14440,372.535
7094,1800.0
15620,299.0
15371,525.0
8727,399.0
9448,499.5
5241,499.0
8323,1048.0
2475,257.09375
18424,379.0
13217,579.0
8809,529.1049999999999
1817,399.0
19650,249.0
8922,499.0
18746,379.0
19202,292.0
2763,2000.0
20187,299.0
2472,352.135
11075,1997.6025
8790,599.0
16817,415.0
13910,2689.625
10934,304.0
5513,695.5716666666666
4177,543.7158333333333
17796,554.345
9462,412.35
19698,555.0
11632,382.455
7410,303.219
19146,576.5725
1819,601.1113333333333
3973,711.0
14450,1708.04
3132,181.7999999999998
12086,1350.0
20577,697.83
10321,525.0
4221,716.1039999999999
1436,1499.0
13598,403.14
8737,219.0
11798,599.0
13410,398.0
15713,1747.0
9253,1873.9
20857,293.0
20887,1399.0
5213,637.8035
6242,359.6575
18859,969.0233333333334
10241,1599.0
385,894.205
16985,367.0
917,622.4095
8374,1492.0
3758,474.0
460,301.61
6502,403.5
711,359.0158333333334
14907,423.0
7698,849.0
2344,266.215
4888,499.0
12334,398.61
7555,948.0
9723,489.6416666666667
4728,467.7158333333333
11478,392.5144444444444
2562,496.0
19752,249.0
6227,244.0
3262,493.09
13162,380.0
10623,1049.0
11099,551.0
1504,467.0
9554,265.0326666666667
18752,314.34
8716,686.775
17441,399.80000000000155
10077,729.0
1316,599.0
7356,599.325
9513,340.62875
4638,273.575
4390,1998.0
3781,1949.0
10628,377.25399999999865
4864,348.0
1908,290.5
10509,290.5
8025,479.0
5015,426.0
10236,297.125
10769,317.0
6275,551.4458333333333
20213,1049.0
15086,480.23
14027,499.0
4896,440.0
11392,749.0
16256,415.4075
13340,479.0
2326,3387.4266666666667
14127,348.5679166666667
1594,299.175
7467,364.1679166666667
13461,2208.84
3345,499.5016666666667
18693,287.9083333333333
3305,498.0
13503,443.675
989,327.97333333333336
6988,294.0
4217,284.0
3352,599.0
16751,301.0
16463,456.96
20749,299.0
7766,209.0
10000,525.0
4772,1067.0
11944,445.0
2774,381.0
118,502.7183333333333
662,1099.995
16055,269.0
11867,379.0
20327,999.0
9313,1464.7142857142856
17918,454.6666666666673
20227,251.0
4165,268.0
13353,499.0
4945,1048.0
12518,362.14
699,330.01958333333334
16474,686.7
17031,600.1928571428573
13175,983.3999999999965
17641,448.0
344,777.44
4054,409.53
15015,399.0
18992,399.0
13743,473.4633333333333
3181,426.0
17434,840.0
14537,379.0
18353,375.0
7347,599.0
8817,1499.0
2355,2069.58
18247,1399.0
3807,293.355
12235,500.2766666666668
19668,456.19999999999834
7682,550.0
13171,1946.0
2583,790.0
19137,3111.495
19086,1986.49
4356,295.0
19794,749.0
18531,416.79949999999997
12861,2030.4233333333332
15825,399.0
19349,836.6000000000031
16413,530.419
9822,586.6175
10954,382.385
6539,2399.0
17725,437.0
20048,512.86
1973,525.8225
349,976.885
15428,275.12
9066,379.5
16192,470.5775
7598,698.0
9825,194.0
13616,2748.965
1667,349.0
16648,376.973
8987,404.0
18064,483.645
15540,189.0
7435,285.0
7895,685.7833333333333
20622,399.0
3457,474.0
4609,573.75
10854,229.0
15484,2025.0
2227,251.0
7733,404.0
14178,477.81125
613,740.7341666666666
16096,403.905
3907,342.425
13552,279.0
475,530.945
1889,448.0
729,498.1715277777779
15448,199.0
1765,1799.0
606,716.1051785714285
6168,2499.0
1107,382.725
5388,499.0
14698,435.5714285714296
18305,259.5555555555549
3534,569.0
13846,497.38999999999993
4393,1840.0
9380,204.25
8654,561.84
3903,462.45
4336,1279.585
18321,569.0
12972,357.0
1020,345.93416666666667
8972,599.0
9244,363.0
12285,304.97333333333336
20072,1077.145
8960,488.0501666666667
20407,466.095
8329,1737.53
4086,318.59
9196,367.0
5201,499.0
16984,465.2570833333333
10610,379.0
19437,449.0
14800,2111.73
2529,350.925
16005,589.0
962,1043.1108333333332
7992,496.0
9361,199.0
5519,649.445
13090,1281.23
15110,741.0
15262,1048.0
13509,2025.0
527,1589.82
11710,297.0
11234,521.0
5036,1260.0
20177,320.4
170,479.5636666666666
17544,399.0
9180,797.0
5984,264.0
9504,540.025
18901,259.0
7491,522.93
18345,499.0
15539,1595.0
7436,458.285
19831,410.215
1321,399.0
2690,607.125
11232,449.0
19883,574.3933333333333
19469,232.0
7360,457.0
18885,299.0
19598,897.5714285714284
11437,432.805
7192,564.0
10520,1047.0
5765,564.0
6279,399.7
13792,299.0
3661,516.8133333333333
12279,949.0
4571,1399.0
16899,441.405
5496,2022.0175
9936,499.0
3298,588.0
753,594.6391666666666
16387,209.0
19114,949.0
17204,447.17699999999996
16518,299.0
10953,2566.3529411764607
20384,243.0
8504,339.0
853,435.2327499999999
9272,472.0
13118,399.0
7101,525.0
14688,399.0
17966,607.4783333333334
79,1264.0366666666666
222,513.86
11962,599.73
18895,2740.621666666663
2718,436.99444444444447
5434,474.0
6685,426.0
13629,1138.195
13448,599.0
8609,499.0
2710,497.1125
7216,299.0
1405,437.5191666666667
2534,4547.0
5657,231.0
9432,268.0
7124,616.59
13657,3495.92
8480,2749.0
11384,1049.0
5221,426.0
7966,290.0
8172,399.0
13926,289.0
20311,389.8891666666667
7272,449.0
2296,499.0
19032,499.0
19374,1110.5
13843,445.0
14074,425.88888888889016
2013,422.548
9855,243.0
16281,236.0
19979,898.0
14462,664.0
19940,249.0
4705,496.145
18375,791.72
7566,357.835
13517,360.0
20319,523.2683333333333
16455,297.83
18164,390.65
11457,1027.615
8254,909.0
3602,379.0
18107,449.0
16076,945.0
9891,3176.575
2550,302.50333333333333
8453,237.0
15204,589.0
9698,149.0
3740,595.0
3812,492.5899999999999
703,338.4733333333333
1041,369.0
3024,459.0
13358,375.04
11664,299.0
5117,551.55875
12510,419.01
14735,484.86
16937,421.4025
11980,337.4058333333333
13474,408.64555555555563
11511,834.85
13578,537.455
19162,489.7441666666666
9635,289.0
8445,379.0
20202,349.0
12887,461.6633333333333
1551,265.0
17693,756.0
19900,300.0808333333333
4197,499.0
20482,1658.31
2993,382.0
6207,199.0
6916,699.0
18790,318.6025
12029,2188.7916666666665
12408,2999.0
14093,455.95833333333326
2935,321.4133333333333
20287,256.0967777777778
10183,360.0
6780,1722.325
6425,194.75
13261,559.3333333333319
19177,319.0
13160,668.835
6378,399.0
20703,503.865
19523,569.0
8640,449.0
11255,299.0
4266,299.03
17432,569.0
8366,616.0
5567,908.0
15497,674.0250000000003
1138,387.11000000000075
19841,778.0
17327,767.6666666666669
17334,1709.0
18091,2749.0
725,372.6686666666667
5269,219.0
3963,479.0
1475,3457.0
7988,1747.0
1272,549.0
14704,249.0
14454,411.3825
19980,449.285
9283,1441.0
15645,479.0
13276,1434.85
9374,1743.0
10598,1049.0
15679,455.5
13126,365.325
11609,339.36
13780,499.0
0,646.2695238095238
5113,499.0
4209,998.0
20964,264.0
4555,399.0
14028,320.535
2615,383.97
12475,525.605
14249,303.5
19504,579.0
20281,1499.0
3642,605.1596666666666
15603,345.0
10113,499.0
10736,258.0
17128,2238.4117647058824
13817,489.0
2451,711.49
12058,990.0
20001,433.50679487179485
13354,323.58
8585,310.7535
1261,471.625
12026,2277.125
3378,728.0053571428571
15188,496.0
8486,506.645
3877,331.0
1876,699.0
15274,382.61
17159,435.635
11421,379.0
7266,499.0
10910,679.0
1491,2139.56
14408,532.6485
1897,337.98
18976,531.0816666666668
20372,3379.57
11988,414.75
16600,397.0
3105,556.8916666666655
18639,1499.0
6429,451.5
9398,348.0
19500,379.0
1158,424.07
11928,464.5
5965,1369.37
2930,970.482
3165,980.9
4879,899.0
14328,493.1690000000001
13181,486.33
19210,867.985
15256,379.0
456,1682.1208333333332
2055,511.5
15419,454.0
4747,2284.685
12253,389.54333333333335
10927,569.0
12950,251.72666666666657
15851,399.0
11335,369.0
10471,585.0
13257,249.0
14477,1649.0
6593,4162.0
12523,512.625
10801,634.4758333333334
17041,2436.0
29,272.81666666666666
16156,559.2558333333334
736,526.3647619047621
12301,599.0
12392,349.0
13742,199.0
14793,360.0
6291,474.167
8425,459.6483333333333
11799,724.265
5586,341.0
17457,489.78
18117,508.4408333333333
14190,420.0
4026,842.0
10316,482.13
9077,700.74875
259,427.57
8847,474.0
11626,2436.0
11013,298.0
4726,472.8379166666666
8140,421.0
5175,273.32099999999997
8078,349.0
11564,299.0
4529,532.707
20050,1048.0
18682,548.8385714285714
2402,550.0
16131,649.0
16286,540.219
13143,378.0
4144,419.0
13938,379.0
4651,2129.0
9733,589.21
492,420.56666666666666
4269,251.0
15024,554.345
1739,649.0
12374,1209.93875
15544,238.0
3578,284.0
20233,149.0
13827,525.84
20146,399.265
9324,2454.3658333333333
11729,411.105
12508,358.0
14088,282.73
14076,1049.0
2925,699.0
11661,369.0
5199,999.0
8890,639.0
19001,582.435
10532,774.835
10422,365.0
3119,169.0
13524,349.0
16354,398.865
4495,873.0
9549,2245.295
20167,498.3
11723,199.0
1465,604.6666666666683
3724,399.0
10788,940.0
12120,414.75
16417,549.0
19760,449.940625
4511,238.0
12319,558.6275
779,1643.03
2239,333.29
8031,448.0
14715,559.0
20109,339.585
6918,189.0
13754,504.45
18536,2313.666666666673
4318,199.0
5386,317.42
3624,698.0
4633,449.0
17040,400.03033333333326
4316,569.0
14242,337.47333333333336
5472,315.0
14342,467.54
14648,899.0
6628,1494.0
14795,756.0
5654,474.0
15754,710.14
11872,808.35
7761,562.0
9100,306.76
3467,2351.663333333333
314,434.29833333333335
3692,399.0
18544,474.0
5868,1907.0
3739,348.465
12954,317.27
20222,299.0
3597,1499.0
19342,199.0
18044,404.0
3358,423.5
5664,549.0
19193,389.0
1018,1031.0
47,1706.9833333333333
3346,579.8960714285714
294,1230.9042857142858
4754,298.0
16857,248.0
14802,459.4
4504,374.1999999999986
8688,420.0
17772,487.935
18864,2097.0
851,832.99
156,842.1533333333334
7653,299.0
15060,945.425
15326,417.0
9575,1679.35
11787,539.0
11235,249.0
16941,1238.795
3458,1499.0
13164,2131.64
17953,2199.0
12094,329.12583333333345
17692,305.42749999999995
7103,3036.523333333333
8627,499.0
3958,468.3866666666667
7246,876.5
404,602.17
1529,2173.5000980392156
16081,606.0398809523809
19551,332.1116666666666
17888,269.0
15130,960.13
8183,357.005
16537,637.8035
4479,799.0
20652,1247.0
14080,422.0
12489,407.0
11054,521.5
13803,371.0
5287,497.1125
7919,574.0
11743,554.65
11031,249.0
20225,2972.0
2015,199.0
4108,517.6666666666678
14982,399.0
2223,328.0
6461,895.0
14788,351.0
4443,299.0
11956,1049.0
8635,331.0
13485,399.0
6762,536.145
13882,247.35299999999918
8686,235.0
15136,556.614880952381
16182,219.0
13298,268.873
18026,474.10125
2295,377.6666666666665
13065,666.0
14078,2606.0
9585,399.0
12356,835.335
11647,1912.185
16043,370.0016666666667
3542,492.2675
6636,688.12
11209,2351.663333333333
12788,3760.7075
4060,945.0
3626,2199.0
19919,287.1850000000006
15748,867.0
9553,388.4591666666665
18038,408.065
18955,882.0
19872,253.705
8607,1531.82
8748,2279.0
5628,510.99708333333336
9963,608.5
1219,429.795
19874,546.9300000000013
13790,2341.576666666667
19647,873.83
20704,440.0
3766,2579.0
9552,397.8166666666667
17071,328.455
16381,191.33333333333326
16380,230.125
6856,601.0
17027,699.0
3292,185.0
9769,888.6818181818213
8223,469.3266666666667
18385,1647.05
15841,447.0
5511,461.833125
13959,399.0
16621,348.6975
2233,469.0
9466,495.1166666666666
20763,499.0
12317,191.33333333333326
1733,309.0
20790,398.8
13382,854.0
13174,499.0
16378,499.0
14085,231.0
3575,429.68958333333336
19056,387.19999999999857
663,548.905
10028,326.0
2172,399.0
4573,518.19
16976,425.0
19138,599.0
12178,399.0
16416,678.0
14547,299.0
20573,270.0
17430,547.0
12398,190.0
18322,260.34
16703,1049.0
3988,238.0
4457,299.0
17854,499.0
10581,466.765
5735,1199.0
9522,399.0
17415,483.8295
15704,2259.91
19115,1499.0
1385,388.33333333333337
861,428.40625
4458,567.82
3007,949.0
11219,294.0
6907,485.0
19565,261.8025
2237,655.6166666666666
15138,418.8333333333331
13537,831.8125
15707,2224.845
3547,899.0
8343,329.26
554,430.191
11301,630.0
13158,489.5433333333333
11528,380.5475
11726,359.315
1166,817.5399999999998
1191,534.545
15317,301.7133333333335
648,404.8891666666667
12158,525.58125
6007,1279.585
15547,329.0
12515,2436.0
14033,409.53125
297,735.8996666666667
18733,389.0
6162,189.0
13574,746.2
